POSITION,REF_AA
1,M
2,E
3,G
4,A
5,L
6,O
7,G
8,O
9,M
10,E
11,G
12,A
13,L
14,O
15,G
16,O
17,M
18,E
19,G
20,A
21,L
22,O
23,G
24,O
25,M
26,E
27,G
28,A
29,L
30,O
31,G
32,O
33,M
34,E
35,G
36,A
37,L
38,O
39,G
40,O
41,M
42,E
43,G
44,A
45,L
46,O
47,G
48,O
49,M
50,E
51,G
52,A
53,L
54,O
55,G
56,O
57,M
58,E
59,G
60,A
61,L
62,O
63,G
64,O
65,M
66,E
67,G
68,A
69,L
70,O
71,G
72,O
73,M
74,E
75,G
76,A
77,L
78,O
79,G
80,O
81,M
82,E
83,G
84,A
85,L
86,O
87,G
88,O
89,M
90,E
91,G
92,A
93,L
94,O
95,G
96,O
97,M
98,E
99,G
100,A
101,L
102,O
103,G
104,O
105,M
106,E
107,G
108,A
109,L
110,O
111,G
112,O
113,M
114,E
115,G
116,A
117,L
118,O
119,G
120,O
121,M
122,E
123,G
124,A
125,L
126,O
127,G
128,O
129,M
130,E
131,G
132,A
133,L
134,O
135,G
136,O
137,M
138,E
139,G
140,A
141,L
142,O
143,G
144,O
145,M
146,E
147,G
148,A
149,L
150,O
151,G
152,O
153,M
154,E
155,G
156,A
157,L
158,O
159,G
160,O
161,M
162,E
163,G
164,A
165,L
166,O
167,G
168,O
169,M
170,E
171,G
172,A
173,L
174,O
175,G
176,O
177,M
178,E
179,G
180,A
181,L
182,O
183,G
184,O
185,M
186,E
187,G
188,A
189,L
190,O
191,G
192,O
193,M
194,E
195,G
196,A
197,L
198,O
199,G
200,O
201,M
202,E
203,G
204,A
205,L
206,O
207,G
208,O
209,M
210,E
211,G
212,A
213,L
214,O
215,G
216,O
217,M
218,E
219,G
220,A
221,L
222,O
223,G
224,O
225,M
226,E
227,G
228,A
229,L
230,O
231,G
232,O
233,M
234,E
235,G
236,A
237,L
238,O
239,G
240,O
241,M
242,E
243,G
244,A
245,L
246,O
247,G
248,O
249,M
250,E
251,G
252,A
253,L
254,O
255,G
256,O
257,M
258,E
259,G
260,A
261,L
262,O
263,G
264,O
265,M
266,E
267,G
268,A
269,L
270,O
271,G
272,O
273,M
274,E
275,G
276,A
277,L
278,O
279,G
280,O
281,M
282,E
283,G
284,A
285,L
286,O
287,G
288,O
289,M
290,E
291,G
292,A
293,L
294,O
295,G
296,O
297,M
298,E
299,G
300,A
301,L
302,O
303,G
304,O
305,M
306,E
307,G
308,A
309,L
310,O
311,G
312,O
313,M
314,E
315,G
316,A
317,L
318,O
319,G
320,O
321,M
322,E
323,G
324,A
325,L
326,O
327,G
328,O
329,M
330,E
331,G
332,A
333,L
334,O
335,G
336,O
337,M
338,E
339,G
340,A
341,L
342,O
343,G
344,O
345,M
346,E
347,G
348,A
349,L
350,O
351,G
352,O
353,M
354,E
355,G
356,A
357,L
358,O
359,G
360,O
361,M
362,E
363,G
364,A
365,L
366,O
367,G
368,O
369,M
370,E
371,G
372,A
373,L
374,O
375,G
376,O
377,M
378,E
379,G
380,A
381,L
382,O
383,G
384,O
385,M
386,E
387,G
388,A
389,L
390,O